Date,Open,High,Low,Close,Volume,Adj Close
42377,0.002,0.002,0.002,0.002,0,0.002
42376,0.002,0.002,0.002,0.002,0,0.002
42375,0.002,0.002,0.002,0.002,0,0.002
42374,0.002,0.002,0.002,0.002,0,0.002
42373,0.002,0.002,0.002,0.002,0,0.002
42370,0.002,0.002,0.002,0.002,0,0.002
42369,0.002,0.002,0.002,0.002,0,0.002
42368,0.002,0.002,0.002,0.002,0,0.002
42367,0.002,0.002,0.002,0.002,0,0.002
42366,0.002,0.002,0.002,0.002,0,0.002
42363,0.002,0.002,0.002,0.002,0,0.002
42362,0.002,0.002,0.002,0.002,0,0.002
42361,0.002,0.002,0.002,0.002,0,0.002
42360,0.002,0.002,0.002,0.002,0,0.002
42359,0.002,0.002,0.002,0.002,0,0.002
42356,0.002,0.002,0.002,0.002,0,0.002
42355,0.0015,0.002,0.0015,0.002,424768900,0.002
42354,0.0012,0.0014,0.0011,0.0014,51824900,0.0014
42353,0.0008,0.0012,0.0007,0.001,589680200,0.001
42352,0.0007,0.0011,0.0006,0.0008,481304200,0.0008
42349,0.001,0.0016,0.0009,0.0014,736765800,0.0014
42348,0.0013,0.0014,0.0008,0.0009,296319600,0.0009
42347,0.0016,0.0016,0.0012,0.0013,844974700,0.0013
42346,0.0019,0.0019,0.0015,0.0016,396146600,0.0016
42345,0.0019,0.002,0.0018,0.0018,165789000,0.0018
42342,0.0021,0.0021,0.0018,0.0019,460843000,0.0019
42341,0.0024,0.0024,0.0019,0.002,765082600,0.002
42340,0.0024,0.0024,0.0023,0.0024,124547000,0.0024
42339,0.0023,0.0024,0.0023,0.0024,159911700,0.0024
42338,0.0024,0.0025,0.0023,0.0023,458865900,0.0023
42335,0.0025,0.0025,0.0023,0.0023,96382400,0.0023
42334,0.0024,0.0025,0.0024,0.0024,53260200,0.0024
42333,0.0025,0.0025,0.0024,0.0025,36681000,0.0025
42332,0.0024,0.0025,0.0023,0.0024,172339000,0.0024
42331,0.0025,0.0025,0.0024,0.0024,85305400,0.0024
42328,0.0024,0.0025,0.0024,0.0024,24099500,0.0024
42327,0.0025,0.0026,0.0024,0.0025,151541800,0.0025
42326,0.0025,0.0026,0.0024,0.0025,115517800,0.0025
42325,0.0025,0.0026,0.0025,0.0025,67921000,0.0025
42324,0.0025,0.0026,0.0024,0.0024,158094300,0.0024
42321,0.0027,0.0027,0.0025,0.0025,103270500,0.0025
42320,0.0028,0.0028,0.0024,0.0025,266463200,0.0025
42319,0.0024,0.0027,0.0023,0.0027,245776900,0.0027
42318,0.0024,0.0025,0.0022,0.0023,428024800,0.0023
42317,0.0028,0.0028,0.0024,0.0025,280918700,0.0025
42314,0.0027,0.0028,0.0027,0.0028,36678600,0.0028
42313,0.0028,0.0028,0.0027,0.0027,59369100,0.0027
42312,0.0027,0.0028,0.0026,0.0028,91796900,0.0028
42311,0.0028,0.0029,0.0027,0.0027,197800900,0.0027
42310,0.0029,0.003,0.0026,0.0029,314645100,0.0029
42307,0.0031,0.0033,0.0028,0.0029,920802100,0.0029
42306,0.0023,0.0029,0.0023,0.0029,952120300,0.0029
42305,0.0023,0.0023,0.0019,0.0022,1042766100,0.0022
42304,0.0026,0.0026,0.0023,0.0023,265033600,0.0023
42303,0.0028,0.0028,0.0025,0.0026,321049700,0.0026
42300,0.0031,0.0031,0.0028,0.0028,163917800,0.0028
42299,0.003,0.0032,0.003,0.003,163592600,0.003
42298,0.0031,0.0033,0.0029,0.003,351466300,0.003
42297,0.0034,0.0034,0.003,0.003,327817600,0.003
42296,0.0036,0.0037,0.0033,0.0034,224840500,0.0034
42293,0.0037,0.0037,0.0036,0.0036,61169700,0.0036
42292,0.0037,0.0037,0.0036,0.0037,29569900,0.0037
42291,0.0036,0.0038,0.0035,0.0036,99961800,0.0036
42290,0.0037,0.0037,0.0035,0.0037,88575900,0.0037
42289,0.0038,0.0039,0.0035,0.0037,237904700,0.0037
42286,0.0038,0.0039,0.0037,0.0038,136244800,0.0038
42285,0.0039,0.004,0.0038,0.0038,79347500,0.0038
42284,0.0039,0.004,0.0038,0.0039,254879000,0.0039
42283,0.0039,0.004,0.0038,0.0038,385000900,0.0038
42282,0.0037,0.0039,0.0037,0.0039,114790600,0.0039
42279,0.0039,0.004,0.0037,0.0038,159257400,0.0038
42278,0.0036,0.0038,0.0036,0.0038,129194700,0.0038
42277,0.0037,0.0038,0.0036,0.0036,57565500,0.0036
42276,0.0038,0.0039,0.0036,0.0037,38282900,0.0037
42275,0.0039,0.0039,0.0037,0.0038,42667400,0.0038
42272,0.0039,0.004,0.0039,0.0039,25673400,0.0039
42271,0.004,0.004,0.0038,0.0038,40653600,0.0038
42270,0.004,0.004,0.0039,0.0039,22990600,0.0039
42269,0.004,0.004,0.0039,0.0039,46734800,0.0039
42268,0.004,0.0041,0.004,0.004,30470200,0.004
42265,0.0041,0.0041,0.0039,0.004,66149400,0.004
42264,0.004,0.0041,0.0039,0.004,52617800,0.004
42263,0.0041,0.0042,0.004,0.004,57612600,0.004
42262,0.004,0.0041,0.0039,0.004,34489000,0.004
42261,0.004,0.0042,0.0039,0.0039,89361200,0.0039
42258,0.004,0.0042,0.004,0.0041,37175000,0.0041
42257,0.004,0.0041,0.0039,0.0041,98605900,0.0041
42256,0.0042,0.0042,0.004,0.0041,40703400,0.0041
42255,0.0042,0.0043,0.0041,0.0041,71174500,0.0041
42254,0.0047,0.0048,0.0041,0.0042,137541100,0.0042
42251,0.0051,0.0051,0.0037,0.0046,176519600,0.0046
42250,0.0052,0.0053,0.0051,0.0051,29128200,0.0051
42249,0.0053,0.0054,0.005,0.0051,78049400,0.0051
42248,0.0053,0.0054,0.0052,0.0053,40910600,0.0053
42247,0.0055,0.0055,0.0053,0.0055,29810700,0.0055
42244,0.0055,0.0055,0.0053,0.0055,39112300,0.0055
42243,0.0056,0.0056,0.0053,0.0055,143885300,0.0055
42242,0.0053,0.0058,0.0053,0.0054,148490900,0.0054
42241,0.0053,0.0055,0.0051,0.0055,106328200,0.0055
42240,0.0055,0.0056,0.0051,0.0052,138297100,0.0052
42237,0.0059,0.0059,0.0057,0.0058,22116500,0.0058
42236,0.0059,0.0059,0.0058,0.0058,23968100,0.0058
42235,0.0059,0.006,0.0058,0.0058,17508900,0.0058
42234,0.006,0.006,0.0058,0.006,43144300,0.006
42233,0.006,0.006,0.0059,0.006,45391600,0.006
42230,0.006,0.0061,0.0059,0.0059,15033500,0.0059
42229,0.0059,0.0061,0.0059,0.0059,36466100,0.0059
42228,0.006,0.006,0.0058,0.0058,42115900,0.0058
42227,0.0061,0.0061,0.0059,0.006,16621100,0.006
42226,0.0061,0.0063,0.0059,0.0061,78599800,0.0061
42223,0.006,0.0061,0.0058,0.006,34105100,0.006
42222,0.0062,0.0062,0.0057,0.006,106048700,0.006
42221,0.006,0.0062,0.006,0.0062,45889000,0.0062
42220,0.0061,0.0062,0.0059,0.0059,55517200,0.0059
42219,0.0061,0.0062,0.0061,0.0062,10023500,0.0062
42216,0.0061,0.0062,0.0061,0.0061,29406200,0.0061
42215,0.0062,0.0062,0.006,0.0061,31538300,0.0061
42214,0.0063,0.0063,0.006,0.0062,63439400,0.0062
42213,0.0064,0.0064,0.0062,0.0063,76208400,0.0063
42212,0.0065,0.0065,0.0063,0.0064,49452800,0.0064
42209,0.0065,0.0066,0.0064,0.0065,54680800,0.0065
42208,0.0065,0.0066,0.0064,0.0064,96541900,0.0064
42207,0.0064,0.0065,0.0064,0.0064,19438800,0.0064
42206,0.0065,0.0066,0.0064,0.0064,45291600,0.0064
42205,0.0065,0.0066,0.0064,0.0066,26039000,0.0066
42202,0.0066,0.0066,0.0064,0.0065,31233300,0.0065
42201,0.0066,0.0066,0.0064,0.0066,66520900,0.0066
42200,0.0066,0.0066,0.0063,0.0064,91296300,0.0064
42199,0.0066,0.0067,0.0065,0.0065,32655800,0.0065
42198,0.0065,0.0068,0.0064,0.0066,165603900,0.0066
42195,0.0066,0.0067,0.0065,0.0066,116181800,0.0066
42194,0.0062,0.0065,0.0062,0.0065,113390000,0.0065
42193,0.0063,0.0063,0.0061,0.0063,55330500,0.0063
42192,0.0063,0.0064,0.0061,0.0061,41551900,0.0061
42191,0.0062,0.0064,0.0061,0.0062,89657100,0.0062
42188,0.0065,0.0065,0.0063,0.0064,42565600,0.0064
42187,0.0064,0.0066,0.0064,0.0064,24756500,0.0064
42186,0.0064,0.0066,0.0063,0.0065,78335000,0.0065
42185,0.0062,0.0064,0.0061,0.0063,179584000,0.0063
42184,0.0062,0.0064,0.0061,0.0062,116919400,0.0062
42181,0.0067,0.0069,0.0066,0.0068,73648800,0.0068
42180,0.0067,0.0069,0.0066,0.0067,73148600,0.0067
42179,0.0069,0.0069,0.0066,0.0068,135121200,0.0068
42178,0.0068,0.007,0.0068,0.007,102826900,0.007
42177,0.0065,0.0068,0.0065,0.0068,122446400,0.0068
42174,0.0065,0.0067,0.0063,0.0063,166821900,0.0063
42173,0.0065,0.0066,0.0064,0.0065,48057800,0.0065
42172,0.0066,0.0067,0.0065,0.0066,45771900,0.0066
42171,0.0065,0.0068,0.0064,0.0066,87312500,0.0066
42170,0.0067,0.0068,0.0065,0.0067,86315100,0.0067
42167,0.0069,0.007,0.0067,0.0068,136941600,0.0068
42166,0.007,0.0071,0.0069,0.0069,72378100,0.0069
42165,0.007,0.0071,0.0069,0.007,43196000,0.007
42164,0.0069,0.007,0.0068,0.007,87508600,0.007
42163,0.0069,0.007,0.0068,0.0068,57201600,0.0068
42160,0.007,0.007,0.0069,0.007,30671100,0.007
42159,0.007,0.007,0.0069,0.0069,47769600,0.0069
42158,0.0069,0.0071,0.0069,0.007,86923200,0.007
42157,0.0068,0.007,0.0068,0.0068,86481200,0.0068
42156,0.0069,0.0069,0.0067,0.0068,58624700,0.0068
42153,0.007,0.0071,0.0068,0.0068,132105500,0.0068
42152,0.0073,0.0073,0.0069,0.007,94553800,0.007
42151,0.007,0.0072,0.0067,0.0072,261876900,0.0072
42150,0.0074,0.0074,0.0069,0.007,184260500,0.007
42149,0.0075,0.0076,0.0073,0.0073,61739800,0.0073
42146,0.0075,0.0076,0.0074,0.0075,42202100,0.0075
42145,0.0074,0.0075,0.0074,0.0075,33448200,0.0075
42144,0.0074,0.0076,0.0072,0.0074,148584100,0.0074
42143,0.0077,0.0078,0.0076,0.0076,99414000,0.0076
42142,0.0078,0.008,0.0076,0.0077,184677200,0.0077
42139,0.0078,0.0079,0.0077,0.0079,135079800,0.0079
42138,0.0082,0.0082,0.0078,0.0079,329505100,0.0079
42137,0.0078,0.0083,0.0078,0.0081,818296000,0.0081
42136,0.0073,0.0076,0.0072,0.0076,473723700,0.0076
42135,0.0071,0.0072,0.0069,0.0071,114750200,0.0071
42132,0.0068,0.0073,0.0068,0.007,284577900,0.007
42131,0.0067,0.0068,0.0063,0.0067,144701100,0.0067
42130,0.0067,0.0069,0.0067,0.0067,21281700,0.0067
42129,0.0069,0.007,0.0067,0.0067,75872900,0.0067
42128,0.0068,0.007,0.0068,0.0069,49434300,0.0069
42125,0.0067,0.0067,0.0067,0.0067,0,0.0067
42124,0.0068,0.0069,0.0067,0.0067,67177900,0.0067
42123,0.007,0.0071,0.0068,0.0068,56398900,0.0068
42122,0.0071,0.0071,0.0069,0.0069,60031200,0.0069
42121,0.0069,0.0071,0.0069,0.007,46015400,0.007
42118,0.0068,0.007,0.0068,0.0069,81292000,0.0069
42117,0.0068,0.007,0.0067,0.0067,30543800,0.0067
42116,0.0071,0.0071,0.0068,0.0069,58679200,0.0069
42115,0.0072,0.0073,0.007,0.0071,59244200,0.0071
42114,0.0071,0.0072,0.007,0.0071,59751900,0.0071
42111,0.0072,0.0073,0.007,0.007,69560800,0.007
42110,0.0074,0.0074,0.0072,0.0073,64034500,0.0073
42109,0.0073,0.0075,0.0073,0.0073,19526500,0.0073
42108,0.0074,0.0076,0.0073,0.0074,79429500,0.0074
42107,0.0075,0.0076,0.0074,0.0075,25853900,0.0075
42104,0.0077,0.0077,0.0075,0.0075,27424500,0.0075
42103,0.0074,0.0077,0.0074,0.0077,164539400,0.0077
42102,0.0075,0.0075,0.0073,0.0074,37215800,0.0074
42101,0.0077,0.0077,0.0074,0.0074,88864200,0.0074
42100,0.0077,0.0077,0.0077,0.0077,0,0.0077
42097,0.0077,0.0077,0.0077,0.0077,0,0.0077
42096,0.0077,0.0077,0.0076,0.0077,21500200,0.0077
42095,0.0077,0.0078,0.0075,0.0077,120576700,0.0077
42094,0.0078,0.0078,0.0076,0.0077,35086700,0.0077
42093,0.0077,0.0078,0.0076,0.0078,95896400,0.0078
42090,0.0077,0.008,0.0077,0.0077,211749200,0.0077
42089,0.0077,0.0077,0.0075,0.0076,202795500,0.0076
42088,0.008,0.0082,0.0077,0.0077,407878600,0.0077
42087,0.0082,0.0084,0.0082,0.0082,550520600,0.0082
42086,0.0079,0.0083,0.0075,0.0081,529715300,0.0081
42083,0.0073,0.0079,0.0073,0.0079,200834600,0.0079
42082,0.0072,0.0075,0.0071,0.0073,117129100,0.0073
42081,0.0073,0.0073,0.007,0.0072,101242300,0.0072
42080,0.0077,0.0077,0.0072,0.0073,156375400,0.0073
42079,0.0078,0.0078,0.0076,0.0076,45479400,0.0076
42076,0.0079,0.008,0.0077,0.0077,143103300,0.0077
42075,0.0079,0.0082,0.0077,0.0079,379328700,0.0079
42074,0.0072,0.0081,0.0072,0.0079,550715600,0.0079
42073,0.0072,0.0075,0.0069,0.0072,283288700,0.0072
42072,0.0068,0.0073,0.0066,0.0072,275694600,0.0072
42069,0.0068,0.0069,0.0067,0.0067,80981200,0.0067
42068,0.0067,0.0067,0.0065,0.0067,47710300,0.0067
42067,0.0067,0.0067,0.0065,0.0067,71072000,0.0067
42066,0.0067,0.0072,0.0066,0.0067,306754900,0.0067
42065,0.0066,0.0067,0.0065,0.0066,69156400,0.0066
42062,0.0067,0.0068,0.0065,0.0066,189041800,0.0066
42061,0.0059,0.0068,0.0059,0.0068,649368800,0.0068
42060,0.0059,0.006,0.0059,0.006,33425900,0.006
42059,0.006,0.006,0.0059,0.006,16675000,0.006
42058,0.006,0.006,0.0058,0.006,38007000,0.006
42055,0.006,0.006,0.0058,0.0059,61625200,0.0059
42054,0.006,0.006,0.0059,0.006,45907900,0.006
42053,0.006,0.006,0.0059,0.006,59936600,0.006
42052,0.0058,0.0061,0.0057,0.006,251208200,0.006
42051,0.0058,0.0059,0.0057,0.0058,42564000,0.0058
42048,0.0058,0.0059,0.0057,0.0059,117944400,0.0059
42047,0.0058,0.0059,0.0056,0.0057,160052200,0.0057
42046,0.0059,0.0059,0.0058,0.0058,12572800,0.0058
42045,0.0059,0.006,0.0058,0.0059,102099900,0.0059
42044,0.0061,0.0061,0.0059,0.0059,19633700,0.0059
42041,0.006,0.0061,0.0058,0.0061,68962700,0.0061
42040,0.0059,0.006,0.0058,0.0058,53543900,0.0058
42039,0.006,0.006,0.0059,0.0059,37880400,0.0059
42038,0.0059,0.0061,0.0059,0.0059,60019800,0.0059
42037,0.006,0.006,0.0059,0.006,44120800,0.006
42034,0.006,0.006,0.0059,0.006,16004200,0.006
42033,0.006,0.006,0.0057,0.0059,100595400,0.0059
42032,0.006,0.0061,0.0058,0.0059,112968400,0.0059
42031,0.006,0.0062,0.006,0.006,14325300,0.006
42030,0.0062,0.0062,0.006,0.0062,44336200,0.0062
42027,0.0062,0.0063,0.006,0.0062,88109400,0.0062
42026,0.0061,0.0064,0.006,0.0061,294472000,0.0061
42025,0.0061,0.0061,0.0059,0.0061,57038400,0.0061
42024,0.0061,0.0062,0.006,0.0061,41272700,0.0061
42023,0.0059,0.0061,0.0059,0.006,41310900,0.006
42020,0.006,0.0061,0.0059,0.0059,71368600,0.0059
42019,0.006,0.0062,0.006,0.006,65640500,0.006
42018,0.0059,0.0063,0.0058,0.006,251381900,0.006
42017,0.0058,0.006,0.0058,0.0059,12496800,0.0059
42016,0.006,0.006,0.0058,0.0058,22971500,0.0058
42013,0.006,0.0061,0.0059,0.006,13300600,0.006
42012,0.006,0.0061,0.0059,0.0061,28733100,0.0061
42011,0.006,0.0061,0.0059,0.0059,76395000,0.0059
42010,0.0061,0.0062,0.0059,0.006,91074300,0.006
42009,0.0061,0.0066,0.006,0.0061,116329300,0.0061
42006,0.0058,0.006,0.0057,0.006,66079800,0.006
42005,0.0057,0.0057,0.0057,0.0057,0,0.0057
42004,0.0058,0.0059,0.0056,0.0057,73361000,0.0057
42003,0.0058,0.0059,0.0056,0.0057,98492600,0.0057
42002,0.006,0.0061,0.0057,0.0058,130326600,0.0058
41999,0.0061,0.0061,0.0061,0.0061,0,0.0061
41998,0.0061,0.0061,0.0061,0.0061,0,0.0061
41997,0.006,0.0061,0.006,0.0061,15188900,0.0061
41996,0.0062,0.0063,0.006,0.0061,67851400,0.0061
41995,0.0063,0.0064,0.0062,0.0062,34363500,0.0062
41992,0.0064,0.0064,0.0062,0.0063,56941800,0.0063
41991,0.0061,0.0064,0.0061,0.0064,35060300,0.0064
41990,0.0063,0.0064,0.006,0.0062,79248400,0.0062
41989,0.0065,0.0066,0.0064,0.0064,29625000,0.0064
41988,0.0066,0.0068,0.0064,0.0064,59108100,0.0064
41985,0.0065,0.0065,0.0063,0.0064,55672900,0.0064
41984,0.0066,0.0067,0.0065,0.0067,31176700,0.0067
41983,0.0067,0.0067,0.0066,0.0067,19739100,0.0067
41982,0.0067,0.0068,0.0066,0.0066,35059100,0.0066
41981,0.0068,0.0068,0.0067,0.0068,16362100,0.0068
41978,0.0067,0.0068,0.0067,0.0068,35203400,0.0068
41977,0.0068,0.007,0.0065,0.0066,193718700,0.0066
41976,0.0068,0.0068,0.0067,0.0068,40815600,0.0068
41975,0.0067,0.0069,0.0067,0.0067,32620400,0.0067
41974,0.0068,0.0068,0.0066,0.0068,37079900,0.0068
41971,0.0068,0.0069,0.0067,0.0068,63200900,0.0068
41970,0.0069,0.007,0.0067,0.0068,122429700,0.0068
41969,0.0069,0.007,0.0068,0.0069,29131900,0.0069
41968,0.0068,0.0071,0.0068,0.0069,214057500,0.0069
41967,0.0067,0.0069,0.0067,0.0068,88796400,0.0068
41964,0.0066,0.0068,0.0066,0.0068,75015100,0.0068
41963,0.0068,0.0068,0.0065,0.0066,55205300,0.0066
41962,0.0068,0.0069,0.0067,0.0068,30048800,0.0068
41961,0.0066,0.0069,0.0066,0.0069,92369600,0.0069
41960,0.0066,0.0067,0.0065,0.0066,24368100,0.0066
41957,0.0066,0.0067,0.0065,0.0065,29780000,0.0065
41956,0.0065,0.0067,0.0065,0.0065,45167000,0.0065
41955,0.0067,0.0068,0.0065,0.0065,98173800,0.0065
41954,0.0068,0.0069,0.0067,0.0067,19010100,0.0067
41953,0.0068,0.0069,0.0067,0.0068,64470100,0.0068
41950,0.007,0.007,0.0068,0.0068,45091900,0.0068
41949,0.0069,0.0072,0.0068,0.007,130347100,0.007
41948,0.0069,0.007,0.0068,0.0069,38575900,0.0069
41947,0.0069,0.007,0.0068,0.0068,42843300,0.0068
41946,0.0071,0.0071,0.0069,0.007,60291800,0.007
41943,0.0069,0.0072,0.0068,0.0072,140508100,0.0072
41942,0.007,0.007,0.0066,0.007,114777700,0.007
41941,0.0071,0.0072,0.0069,0.007,63976000,0.007
41940,0.0069,0.0071,0.0068,0.0071,93285000,0.0071
41939,0.0068,0.007,0.0067,0.0068,79147600,0.0068
41936,0.0067,0.0069,0.0067,0.0068,60135300,0.0068
41935,0.0068,0.0069,0.0067,0.0068,62433500,0.0068
41934,0.0067,0.0069,0.0067,0.0068,122122200,0.0068
41933,0.0063,0.0067,0.0062,0.0066,220281500,0.0066
41932,0.0063,0.0064,0.0061,0.0063,102127400,0.0063
41929,0.0061,0.0064,0.0061,0.0062,171089000,0.0062
41928,0.0067,0.0067,0.0061,0.0062,253120300,0.0062
41927,0.0069,0.007,0.0065,0.0066,92884000,0.0066
41926,0.007,0.007,0.0068,0.0069,80348000,0.0069
41925,0.0069,0.0072,0.0069,0.0069,52246200,0.0069
41922,0.0071,0.0071,0.0067,0.007,193380100,0.007
41921,0.0074,0.0074,0.007,0.0072,89930000,0.0072
41920,0.0075,0.0075,0.0071,0.0073,137860400,0.0073
41919,0.0077,0.0079,0.0075,0.0075,81693900,0.0075
41918,0.008,0.008,0.0076,0.0077,93290600,0.0077
41915,0.0079,0.008,0.0078,0.008,45347200,0.008
41914,0.008,0.0081,0.0077,0.0078,134940700,0.0078
41913,0.008,0.0081,0.0077,0.0079,84648600,0.0079
41912,0.0079,0.0081,0.0079,0.008,77027300,0.008
41911,0.0082,0.0082,0.0078,0.0079,91143900,0.0079
41908,0.0082,0.0082,0.008,0.0081,64230000,0.0081
41907,0.0084,0.0085,0.008,0.0083,87450200,0.0083
41906,0.0085,0.0085,0.0084,0.0085,21459400,0.0085
41905,0.0085,0.0086,0.0085,0.0085,29873600,0.0085
41904,0.0087,0.0087,0.0085,0.0085,60083900,0.0085
41901,0.0088,0.0088,0.0086,0.0086,94198700,0.0086
41900,0.0085,0.0088,0.0085,0.0086,80641400,0.0086
41899,0.0086,0.0087,0.0085,0.0085,39688300,0.0085
41898,0.0087,0.0087,0.0085,0.0086,47193100,0.0086
41897,0.0087,0.0088,0.0086,0.0087,63176000,0.0087
41894,0.0089,0.0089,0.0088,0.0089,21758300,0.0089
41893,0.0088,0.0088,0.0085,0.0088,115861700,0.0088
41892,0.0088,0.0088,0.0087,0.0088,32026800,0.0088
41891,0.0088,0.0089,0.0087,0.0087,64414400,0.0087
41890,0.009,0.009,0.0087,0.0089,90923800,0.0089
41887,0.0092,0.0092,0.0089,0.0089,88558000,0.0089
41886,0.0088,0.0092,0.0088,0.009,304185400,0.009
41885,0.0088,0.0089,0.0087,0.0088,55225600,0.0088
41884,0.0088,0.0089,0.0087,0.0087,32781700,0.0087
41883,0.0089,0.0089,0.0087,0.0087,38514100,0.0087
41880,0.0087,0.0088,0.0087,0.0088,34975800,0.0088
41879,0.0089,0.009,0.0087,0.0087,131775800,0.0087
41878,0.0087,0.009,0.0086,0.0089,160347000,0.0089
41877,0.0085,0.0087,0.0084,0.0086,85022200,0.0086
41876,0.0086,0.0086,0.0084,0.0085,58000000,0.0085
41873,0.0084,0.0086,0.0083,0.0085,63305400,0.0085
41872,0.0086,0.0086,0.0082,0.0084,83368000,0.0084
41871,0.0089,0.0089,0.0085,0.0086,119097400,0.0086
41870,0.0085,0.0091,0.0085,0.0089,300932400,0.0089
41869,0.0081,0.0085,0.0081,0.0085,88207000,0.0085
41866,0.0079,0.0081,0.0078,0.0079,98375100,0.0079
41865,0.0075,0.0079,0.0074,0.0078,190484300,0.0078
41864,0.0072,0.0075,0.0072,0.0075,123107600,0.0075
41863,0.0072,0.0073,0.0071,0.0072,56525700,0.0072
41862,0.007,0.0074,0.0069,0.0072,181935600,0.0072
41859,0.0072,0.0073,0.0066,0.0069,383651900,0.0069
41858,0.0079,0.0079,0.0065,0.0072,539509200,0.0072
41857,0.0084,0.0085,0.0078,0.008,213812000,0.008
41856,0.0087,0.0088,0.0085,0.0085,49097500,0.0085
41855,0.0085,0.0089,0.008,0.0087,140777200,0.0087
41852,0.0089,0.0089,0.0087,0.0088,75470700,0.0088
41851,0.0091,0.0091,0.0087,0.009,140670200,0.009
41850,0.0094,0.0095,0.0092,0.0093,87665800,0.0093
41849,0.0095,0.0096,0.0093,0.0096,79497100,0.0096
41848,0.0094,0.0096,0.0094,0.0096,73953900,0.0096
41845,0.0092,0.0094,0.0091,0.0094,116834900,0.0094
41844,0.0091,0.0093,0.009,0.0091,87182500,0.0091
41843,0.0089,0.0092,0.0088,0.009,120386700,0.009
41842,0.0087,0.0089,0.0087,0.0087,53849000,0.0087
41841,0.009,0.009,0.0087,0.0088,41467300,0.0088
41838,0.0089,0.009,0.0088,0.0088,42107400,0.0088
41837,0.0092,0.0092,0.0088,0.0089,69633900,0.0089
41836,0.0089,0.0093,0.0088,0.0092,108157500,0.0092
41835,0.009,0.009,0.0087,0.0089,174170900,0.0089
41834,0.0092,0.0093,0.0087,0.009,88992300,0.009
41831,0.0088,0.0094,0.0088,0.0092,123535300,0.0092
41830,0.0095,0.0095,0.0084,0.0088,205697900,0.0088
41829,0.0095,0.0096,0.0094,0.0095,88051700,0.0095
41828,0.0098,0.0098,0.0094,0.0096,108614000,0.0096
41827,0.0099,0.0099,0.0097,0.0098,81966700,0.0098
41824,0.0101,0.0102,0.0099,0.0099,105569400,0.0099
41823,0.0098,0.0103,0.0098,0.0101,566958400,0.0101
41822,0.0099,0.0099,0.0097,0.0098,119352200,0.0098
41821,0.0096,0.0099,0.0093,0.0099,235347800,0.0099
41820,0.0098,0.0098,0.0094,0.0096,155165100,0.0096
41817,0.0098,0.0099,0.0096,0.0098,140120700,0.0098
41816,0.01,0.01,0.0098,0.0099,92088000,0.0099
41815,0.0097,0.0101,0.0096,0.01,373447200,0.01
41814,0.0101,0.0102,0.0097,0.0097,400226900,0.0097
41813,0.0102,0.0102,0.0101,0.0102,79397500,0.0102
41810,0.0102,0.0102,0.01,0.0102,158508200,0.0102
41809,0.0102,0.0103,0.0101,0.0102,121219500,0.0102
41808,0.0103,0.0104,0.0102,0.0102,92228700,0.0102
41807,0.0104,0.0104,0.0103,0.0103,58095600,0.0103
41806,0.0105,0.0106,0.0103,0.0104,164569900,0.0104
41803,0.0103,0.0105,0.0102,0.0105,207177100,0.0105
41802,0.0104,0.0104,0.0102,0.0103,121909200,0.0103
41801,0.0104,0.0105,0.0103,0.0103,100990500,0.0103
41800,0.0103,0.0105,0.0103,0.0104,117658700,0.0104
41799,0.0105,0.0106,0.0102,0.0103,249195300,0.0103
41796,0.0106,0.0109,0.0103,0.0105,987857900,0.0105
41795,0.0114,0.0114,0.011,0.011,225740900,0.011
41794,0.0114,0.0115,0.0111,0.0114,146127400,0.0114
41793,0.012,0.012,0.0112,0.0114,330748400,0.0114
41792,0.0111,0.0123,0.0111,0.0119,709097200,0.0119
41789,0.0103,0.0109,0.0103,0.0109,413695500,0.0109
41788,0.0105,0.0107,0.0102,0.0104,525302500,0.0104
41787,0.0101,0.0103,0.01,0.0103,135177500,0.0103
41786,0.0101,0.0101,0.01,0.0101,46030300,0.0101
41785,0.01,0.0101,0.01,0.0101,40145200,0.0101
41782,0.0101,0.0101,0.01,0.01,37311600,0.01
41781,0.0101,0.0101,0.01,0.01,40775200,0.01
41780,0.0101,0.0101,0.01,0.01,44008700,0.01
41779,0.0101,0.0102,0.0101,0.0101,46295200,0.0101
41778,0.0102,0.0103,0.0101,0.0102,88882600,0.0102
41775,0.0101,0.0102,0.01,0.0102,158267800,0.0102
41774,0.0104,0.0104,0.0101,0.0102,133336800,0.0102
41773,0.0104,0.0104,0.0102,0.0104,222079600,0.0104
41772,0.0104,0.0104,0.0102,0.0104,198790300,0.0104
41771,0.0103,0.0104,0.0102,0.0104,78516500,0.0104
41768,0.0104,0.0104,0.0101,0.0104,267670100,0.0104
41767,0.0105,0.0105,0.0103,0.0104,95995800,0.0104
41766,0.0104,0.0105,0.0103,0.0105,47972700,0.0105
41765,0.0104,0.0107,0.0104,0.0105,182540200,0.0105
41764,0.0106,0.0107,0.0104,0.0105,88972400,0.0105
41761,0.0104,0.0104,0.0104,0.0104,0,0.0104
41760,0.0104,0.0104,0.0104,0.0104,0,0.0104
41759,0.0105,0.0106,0.0104,0.0104,55714700,0.0104
41758,0.0103,0.0105,0.0102,0.0105,113117100,0.0105
41757,0.0103,0.0104,0.0102,0.0103,39385100,0.0103
41754,0.0103,0.0104,0.0103,0.0103,22691300,0.0103
41753,0.0105,0.0105,0.0103,0.0104,60999600,0.0104
41752,0.0106,0.0106,0.0103,0.0105,227961500,0.0105
41751,0.0106,0.0107,0.0105,0.0106,111046100,0.0106
41750,0.0106,0.0106,0.0106,0.0106,0,0.0106
41747,0.0106,0.0106,0.0106,0.0106,0,0.0106
41746,0.0103,0.0107,0.0103,0.0106,185897100,0.0106
41745,0.0108,0.0109,0.0102,0.0103,269363700,0.0103
41744,0.0114,0.0114,0.0105,0.0109,930895500,0.0109
41743,0.0121,0.0121,0.0117,0.0119,254278100,0.0119
41740,0.0121,0.0123,0.012,0.0121,390468100,0.0121
41739,0.0122,0.0122,0.0121,0.0121,62864200,0.0121
41738,0.0122,0.0123,0.0121,0.0122,70847100,0.0122
41737,0.0123,0.0123,0.0121,0.0123,192077500,0.0123
41736,0.0122,0.0123,0.0121,0.0122,78373100,0.0122
41733,0.0123,0.0123,0.0122,0.0122,71558700,0.0122
41732,0.0122,0.0123,0.0122,0.0122,64905100,0.0122
41731,0.0124,0.0124,0.0122,0.0123,120238200,0.0123
41730,0.0123,0.0124,0.0122,0.0124,306169500,0.0124
41729,0.0124,0.0125,0.0121,0.0123,368139300,0.0123
41726,0.0123,0.0125,0.0123,0.0124,95611600,0.0124
41725,0.0124,0.0125,0.0123,0.0123,99854700,0.0123
41724,0.0125,0.0127,0.0124,0.0124,364950800,0.0124
41723,0.0124,0.0126,0.0123,0.0126,318618600,0.0126
41722,0.0126,0.0127,0.0123,0.0125,387037700,0.0125
41719,0.0123,0.0125,0.0122,0.0125,216289800,0.0125
41718,0.0123,0.0124,0.0122,0.0124,188260200,0.0124
41717,0.0124,0.0124,0.0122,0.0124,157410600,0.0124
41716,0.0122,0.0127,0.0122,0.0123,111119000,0.0123
41715,0.012,0.0122,0.012,0.0122,210300100,0.0122
41712,0.012,0.012,0.0117,0.012,213139900,0.012
41711,0.0121,0.0122,0.0119,0.012,514135000,0.012
41710,0.0123,0.0123,0.012,0.012,775781700,0.012
41709,0.012,0.0126,0.012,0.0123,153786600,0.0123
41708,0.0118,0.0123,0.0117,0.0119,770488700,0.0119
41705,0.0122,0.0123,0.0117,0.0117,609162700,0.0117
41704,0.0113,0.0121,0.0113,0.0121,793538200,0.0121
41703,0.0114,0.0114,0.0112,0.0112,42570000,0.0112
41702,0.0111,0.0114,0.0111,0.0113,92966700,0.0113
41701,0.0113,0.0113,0.0111,0.0112,190138900,0.0112
41698,0.0115,0.0115,0.0113,0.0115,93193900,0.0115
41697,0.0116,0.0116,0.0112,0.0115,167692300,0.0115
41696,0.0117,0.0117,0.0115,0.0115,75422400,0.0115
41695,0.0116,0.0117,0.0115,0.0117,54599400,0.0117
41694,0.0117,0.0117,0.0115,0.0117,50490200,0.0117
41691,0.0115,0.0117,0.0115,0.0116,66510000,0.0116
41690,0.0115,0.0116,0.0115,0.0115,78422900,0.0115
41689,0.0117,0.0117,0.0115,0.0116,109801900,0.0116
41688,0.0117,0.0118,0.0116,0.0117,100459200,0.0117
41687,0.0116,0.0118,0.0115,0.0117,282967000,0.0117
41684,0.0116,0.0117,0.0115,0.0117,153040300,0.0117
41683,0.0117,0.0117,0.0116,0.0116,32446900,0.0116
41682,0.0117,0.0118,0.0116,0.0117,75120200,0.0117
41681,0.0117,0.0117,0.0116,0.0116,68542300,0.0116
41680,0.0118,0.0118,0.0116,0.0117,153553800,0.0117
41677,0.0119,0.0119,0.0117,0.0118,114482500,0.0118
41676,0.012,0.0121,0.0118,0.0118,315548200,0.0118
41675,0.0118,0.0118,0.0116,0.0118,134558900,0.0118
41674,0.0115,0.0118,0.0112,0.0117,215239900,0.0117
41673,0.0119,0.012,0.0115,0.0116,247495900,0.0116
41670,0.0121,0.0121,0.0116,0.0119,281987700,0.0119
41669,0.0118,0.0119,0.0113,0.0117,393352500,0.0117
41668,0.0121,0.0122,0.0114,0.0119,389922900,0.0119
41667,0.012,0.0122,0.0119,0.012,460114800,0.012
41666,0.0118,0.012,0.0114,0.0118,291953000,0.0118
41663,0.0115,0.0117,0.011,0.0117,403913900,0.0117
41662,0.011,0.0117,0.011,0.0115,371681900,0.0115
41661,0.0119,0.0119,0.0109,0.011,823169300,0.011
41660,0.0123,0.0123,0.0118,0.0119,355328300,0.0119
41659,0.0123,0.0124,0.0121,0.0123,251503100,0.0123
41656,0.0124,0.0124,0.0122,0.0124,115666900,0.0124
41655,0.0125,0.0126,0.0122,0.0124,341537900,0.0124
41654,0.0126,0.0128,0.0125,0.0125,497581200,0.0125
41653,0.0122,0.0125,0.012,0.0124,611672000,0.0124
41652,0.0125,0.0128,0.0122,0.0125,825162600,0.0125
41649,0.0132,0.0137,0.012,0.0122,1040743500,0.0122
41648,0.0127,0.014,0.0126,0.0131,2133151200,0.0131
41647,0.0115,0.0127,0.0115,0.0125,707188500,0.0125
41646,0.0108,0.0114,0.0108,0.0114,918506900,0.0114
41645,0.011,0.011,0.0107,0.0109,421279000,0.0109
41642,0.0107,0.011,0.0105,0.011,460500400,0.011
41641,0.0106,0.0108,0.0104,0.0106,281095000,0.0106
41640,0.0105,0.0105,0.0105,0.0105,0,0.0105
41639,0.0105,0.0106,0.0102,0.0105,368891100,0.0105
41638,0.01,0.0108,0.01,0.0105,134277400,0.0105
41635,0.0099,0.01,0.0098,0.01,205944700,0.01
41634,0.0099,0.0099,0.0099,0.0099,0,0.0099
41633,0.0099,0.0099,0.0099,0.0099,0,0.0099
41632,0.0099,0.01,0.0098,0.0099,91276800,0.0099
41631,0.0095,0.01,0.0094,0.0099,492079300,0.0099
41628,0.0094,0.0095,0.0093,0.0094,111141400,0.0094
41627,0.0094,0.0097,0.0093,0.0095,149877900,0.0095
41626,0.0094,0.0094,0.0092,0.0093,72472700,0.0093
41625,0.0095,0.0095,0.0093,0.0094,41514400,0.0094
41624,0.0094,0.0095,0.0093,0.0095,49751800,0.0095
41621,0.0094,0.0094,0.0093,0.0094,27440300,0.0094
41620,0.0095,0.0095,0.0093,0.0094,58651400,0.0094
41619,0.0096,0.0096,0.0094,0.0095,84482100,0.0095
41618,0.0094,0.0097,0.0094,0.0096,152948100,0.0096
41617,0.0093,0.0097,0.0092,0.0094,170685500,0.0094
41614,0.0093,0.0094,0.0092,0.0093,37595500,0.0093
41613,0.009,0.0096,0.0088,0.0093,238167400,0.0093
41612,0.0093,0.0094,0.009,0.0092,70556900,0.0092
41611,0.0094,0.0094,0.0091,0.0093,123600700,0.0093
41610,0.0098,0.0098,0.0089,0.0095,370363700,0.0095
41607,0.0078,0.0099,0.0078,0.0098,1068141400,0.0098
41606,0.0072,0.0078,0.0071,0.0077,183584500,0.0077
41605,0.007,0.0073,0.007,0.0071,69982900,0.0071
41604,0.0073,0.0074,0.007,0.0071,105104100,0.0071
41603,0.0076,0.0077,0.0074,0.0074,58709600,0.0074
41600,0.0077,0.0078,0.0076,0.0076,42901100,0.0076
41599,0.008,0.008,0.0077,0.0078,45433100,0.0078
41598,0.0079,0.008,0.0079,0.0079,24566600,0.0079
41597,0.008,0.0081,0.0079,0.0079,40032100,0.0079
41596,0.008,0.0081,0.008,0.008,16695300,0.008
41593,0.008,0.0081,0.008,0.008,20430900,0.008
41592,0.008,0.0081,0.008,0.008,15477000,0.008
41591,0.0081,0.0081,0.008,0.0081,6358100,0.0081
41590,0.008,0.0081,0.0079,0.0081,42788100,0.0081
41589,0.008,0.0081,0.008,0.008,23534000,0.008
41586,0.0081,0.0081,0.008,0.008,49799000,0.008
41585,0.0081,0.0082,0.008,0.008,34809500,0.008
41584,0.008,0.0081,0.008,0.0081,25647400,0.0081
41583,0.0081,0.0082,0.008,0.008,54359000,0.008
41582,0.0081,0.0082,0.008,0.0081,28319100,0.0081
41579,0.0081,0.0082,0.0081,0.0081,38798100,0.0081
41578,0.0083,0.0083,0.0081,0.0082,43846900,0.0082
41577,0.0082,0.0083,0.0081,0.0082,53390000,0.0082
41576,0.0083,0.0084,0.0081,0.0081,99405800,0.0081
41575,0.0082,0.0083,0.008,0.0083,141383200,0.0083
41572,0.008,0.009,0.008,0.008,20851000,0.008
41571,0.008,0.009,0.008,0.008,26276200,0.008
41570,0.009,0.009,0.007,0.008,375413900,0.008
41569,0.009,0.009,0.008,0.009,58182400,0.009
41568,0.01,0.01,0.008,0.009,174651700,0.009
41565,0.009,0.01,0.009,0.01,224213300,0.01
41564,0.011,0.011,0.009,0.01,433715600,0.01
41563,0.011,0.011,0.01,0.011,33067600,0.011
41562,0.011,0.011,0.01,0.01,21268000,0.01
41561,0.01,0.011,0.01,0.011,12202300,0.011
41558,0.011,0.011,0.01,0.011,243545200,0.011
41557,0.01,0.011,0.01,0.011,14999800,0.011
41556,0.011,0.011,0.01,0.01,20062300,0.01
41555,0.01,0.011,0.01,0.01,7163800,0.01
41554,0.011,0.011,0.01,0.01,17222400,0.01
41551,0.01,0.011,0.01,0.011,12290200,0.011
41550,0.01,0.011,0.01,0.011,9964100,0.011
41549,0.011,0.011,0.01,0.01,26704600,0.01
41548,0.01,0.011,0.01,0.01,52383700,0.01
41547,0.01,0.011,0.01,0.01,22116200,0.01
41544,0.01,0.011,0.01,0.01,17948400,0.01
41543,0.01,0.011,0.01,0.01,19463300,0.01
41542,0.01,0.011,0.01,0.01,16697900,0.01
41541,0.01,0.011,0.01,0.01,24202700,0.01
41540,0.01,0.011,0.01,0.011,14511300,0.011
41537,0.01,0.011,0.01,0.01,6945800,0.01
41536,0.011,0.011,0.01,0.011,11917200,0.011
41535,0.01,0.011,0.01,0.011,16496400,0.011
41534,0.011,0.011,0.01,0.011,4503900,0.011
41533,0.011,0.011,0.01,0.011,12191700,0.011
41530,0.011,0.011,0.01,0.01,7467700,0.01
41529,0.01,0.011,0.01,0.011,13368800,0.011
41528,0.011,0.011,0.01,0.01,18960800,0.01
41527,0.011,0.011,0.01,0.011,12175300,0.011
41526,0.011,0.011,0.01,0.011,8568400,0.011
41523,0.01,0.011,0.01,0.011,27242800,0.011
41522,0.011,0.011,0.01,0.011,68430300,0.011
41521,0.011,0.011,0.01,0.011,14121700,0.011
41520,0.011,0.011,0.01,0.011,25641800,0.011
41519,0.011,0.011,0.01,0.011,254219900,0.011
41516,0.012,0.012,0.011,0.011,46280100,0.011
41515,0.011,0.012,0.011,0.011,19417600,0.011
41514,0.011,0.012,0.011,0.011,68136500,0.011
41513,0.011,0.012,0.011,0.011,37899300,0.011
41512,0.012,0.012,0.011,0.012,39613100,0.012
41509,0.011,0.012,0.011,0.011,27763200,0.011
41508,0.011,0.012,0.011,0.012,16540400,0.012
41507,0.011,0.012,0.011,0.012,22932700,0.012
41506,0.012,0.012,0.011,0.011,17555100,0.011
41505,0.012,0.012,0.011,0.012,27279300,0.012
41502,0.012,0.012,0.011,0.012,32276400,0.012
41501,0.011,0.012,0.011,0.012,16191100,0.012
41500,0.012,0.012,0.011,0.011,53440800,0.011
41499,0.012,0.012,0.011,0.012,25769800,0.012
41498,0.012,0.012,0.011,0.012,38406600,0.012
41495,0.012,0.012,0.011,0.011,54882800,0.011
41494,0.011,0.012,0.011,0.011,86963800,0.011
41493,0.012,0.012,0.011,0.012,75106200,0.012
41492,0.012,0.012,0.011,0.012,78639600,0.012
41491,0.012,0.013,0.011,0.012,284303800,0.012
41488,0.013,0.013,0.012,0.012,275272500,0.012
41487,0.015,0.015,0.013,0.013,411845000,0.013
41486,0.011,0.019,0.01,0.014,341518700,0.014
41485,0.048,0.048,0.043,0.047,19089300,0.047
41484,0.052,0.052,0.046,0.047,9296400,0.047
41481,0.052,0.053,0.05,0.05,3440200,0.05
41480,0.054,0.054,0.052,0.052,2726700,0.052
41479,0.053,0.054,0.052,0.053,6337400,0.053
41478,0.053,0.055,0.051,0.052,12698600,0.052
41477,0.055,0.055,0.05,0.052,16587500,0.052
41474,0.051,0.053,0.048,0.048,12585600,0.048
41473,0.055,0.057,0.047,0.053,15082500,0.053
41472,0.049,0.056,0.047,0.056,26632400,0.056
41471,0.041,0.041,0.035,0.041,12449000,0.041
41470,0.049,0.049,0.04,0.041,11364300,0.041
41467,0.052,0.052,0.049,0.05,6645600,0.05
41466,0.06,0.06,0.05,0.052,14216200,0.052
41465,0.072,0.073,0.06,0.06,23283200,0.06
41464,0.084,0.086,0.068,0.072,27268100,0.072
41463,0.085,0.089,0.084,0.086,3422200,0.086
41460,0.088,0.088,0.083,0.085,887300,0.085
41459,0.083,0.089,0.083,0.087,1637600,0.087
41458,0.053,0.086,0.052,0.079,2344300,0.079
41457,0.094,0.094,0.092,0.092,161400,0.092
41456,0.093,0.096,0.093,0.093,233600,0.093
41453,0.098,0.098,0.092,0.093,348700,0.093
41452,0.098,0.098,0.093,0.095,269400,0.095
41451,0.095,0.098,0.095,0.097,234000,0.097
41450,0.098,0.098,0.093,0.096,241300,0.096
41449,0.096,0.098,0.095,0.098,436600,0.098
41446,0.1,0.1,0.096,0.098,428700,0.098
41445,0.099,0.101,0.097,0.098,175800,0.098
41444,0.099,0.101,0.098,0.1,82700,0.1
41443,0.101,0.101,0.098,0.1,34600,0.1
41442,0.1,0.102,0.096,0.1,765300,0.1
41439,0.093,0.099,0.093,0.099,564200,0.099
41438,0.097,0.097,0.096,0.096,51000,0.096
41437,0.097,0.098,0.093,0.098,459300,0.098
41436,0.097,0.097,0.095,0.096,156200,0.096
41435,0.096,0.097,0.096,0.097,41300,0.097
41432,0.097,0.099,0.09,0.097,1297600,0.097
41431,0.101,0.101,0.096,0.097,1410900,0.097
41430,0.107,0.107,0.102,0.102,532800,0.102
41429,0.108,0.11,0.106,0.107,281300,0.107
41428,0.108,0.11,0.108,0.11,26300,0.11
41425,0.11,0.111,0.108,0.111,67300,0.111
41424,0.111,0.112,0.109,0.11,525900,0.11
41423,0.111,0.112,0.111,0.111,78800,0.111
41422,0.111,0.112,0.111,0.111,94900,0.111
41421,0.112,0.113,0.111,0.111,398300,0.111
41418,0.112,0.112,0.11,0.112,475700,0.112
41417,0.113,0.113,0.112,0.112,102700,0.112
41416,0.112,0.114,0.112,0.112,268300,0.112
41415,0.113,0.114,0.112,0.112,70600,0.112
41414,0.115,0.115,0.113,0.114,135700,0.114
41411,0.115,0.115,0.113,0.115,154900,0.115
41410,0.115,0.116,0.112,0.112,82600,0.112
41409,0.114,0.117,0.112,0.116,640600,0.116
41408,0.112,0.114,0.111,0.114,52100,0.114
41407,0.114,0.115,0.113,0.113,146500,0.113
41404,0.115,0.115,0.114,0.114,67900,0.114
41403,0.116,0.116,0.111,0.115,841600,0.115
41402,0.118,0.118,0.116,0.116,256900,0.116
41401,0.117,0.119,0.116,0.118,334000,0.118
41400,0.12,0.12,0.117,0.117,410700,0.117
41397,0.119,0.119,0.117,0.119,160200,0.119
41396,0.118,0.119,0.118,0.118,76700,0.118
41395,0.12,0.12,0.12,0.12,0,0.12
41394,0.119,0.12,0.118,0.12,254400,0.12
41393,0.119,0.12,0.116,0.12,522100,0.12
41390,0.117,0.119,0.117,0.119,30800,0.119
41389,0.115,0.12,0.115,0.117,694800,0.117
41388,0.117,0.119,0.115,0.116,115300,0.116
41387,0.113,0.118,0.113,0.117,641200,0.117
41386,0.114,0.114,0.112,0.113,105200,0.113
41383,0.113,0.114,0.11,0.113,100200,0.113
41382,0.111,0.112,0.11,0.11,188700,0.11
41381,0.111,0.113,0.111,0.111,98600,0.111
41380,0.115,0.115,0.111,0.113,155700,0.113
41379,0.116,0.117,0.116,0.116,8300,0.116
41376,0.118,0.118,0.116,0.118,31600,0.118
41375,0.117,0.119,0.115,0.119,273900,0.119
41374,0.116,0.12,0.116,0.12,1145600,0.12
41373,0.11,0.115,0.11,0.114,280800,0.114
41372,0.11,0.113,0.109,0.113,286100,0.113
41369,0.114,0.116,0.11,0.115,432400,0.115
41368,0.114,0.118,0.111,0.112,577500,0.112
41367,0.12,0.12,0.108,0.11,1173400,0.11
41366,0.115,0.122,0.115,0.117,285500,0.117
41361,0.12,0.123,0.111,0.122,288300,0.122
41360,0.123,0.126,0.12,0.121,340900,0.121
41359,0.127,0.13,0.12,0.124,389900,0.124
41358,0.121,0.132,0.121,0.127,410100,0.127
41355,0.13,0.13,0.126,0.128,264700,0.128
41354,0.131,0.131,0.127,0.127,233700,0.127
41353,0.13,0.131,0.129,0.129,463900,0.129
41352,0.13,0.13,0.128,0.128,450400,0.128
41351,0.131,0.132,0.129,0.131,442600,0.131
41348,0.131,0.132,0.131,0.131,543200,0.131
41347,0.132,0.132,0.131,0.132,1031300,0.132
41346,0.132,0.133,0.132,0.132,119600,0.132
41345,0.133,0.135,0.132,0.132,117800,0.132
41344,0.133,0.134,0.133,0.133,78500,0.133
41341,0.133,0.135,0.132,0.134,246700,0.134
41340,0.131,0.134,0.131,0.134,138800,0.134
41339,0.135,0.135,0.131,0.134,520400,0.134
41338,0.129,0.134,0.129,0.134,360700,0.134
41337,0.13,0.133,0.128,0.129,738700,0.129
41334,0.135,0.135,0.129,0.133,466200,0.133
41333,0.135,0.135,0.132,0.133,151100,0.133
41332,0.134,0.134,0.132,0.132,369100,0.132
41331,0.135,0.136,0.133,0.133,370400,0.133
41330,0.136,0.138,0.135,0.138,738600,0.138
41327,0.137,0.137,0.135,0.135,233300,0.135
41326,0.136,0.136,0.134,0.134,487800,0.134
41325,0.136,0.138,0.135,0.136,531900,0.136
41324,0.136,0.137,0.134,0.136,447400,0.136
41323,0.135,0.137,0.133,0.134,503900,0.134
41320,0.134,0.139,0.132,0.135,1383400,0.135
41319,0.138,0.138,0.135,0.137,327400,0.137
41318,0.139,0.139,0.135,0.138,310400,0.138
41317,0.133,0.141,0.133,0.137,1078300,0.137
41316,0.135,0.135,0.13,0.134,986200,0.134
41313,0.137,0.138,0.135,0.135,379000,0.135
41312,0.14,0.14,0.136,0.138,29400,0.138
41311,0.141,0.141,0.138,0.138,571100,0.138
41310,0.14,0.142,0.13,0.139,2701800,0.139
41309,0.146,0.146,0.14,0.14,2271700,0.14
41306,0.132,0.145,0.131,0.14,1944300,0.14
41305,0.133,0.136,0.127,0.127,1343200,0.127
41304,0.141,0.141,0.135,0.135,906100,0.135
41303,0.144,0.144,0.139,0.14,1004500,0.14
41302,0.146,0.146,0.143,0.143,555100,0.143
41299,0.145,0.147,0.145,0.145,608200,0.145
41298,0.147,0.148,0.145,0.145,1691800,0.145
41297,0.147,0.148,0.144,0.145,2986100,0.145
41296,0.15,0.15,0.143,0.146,3107200,0.146
41295,0.147,0.149,0.144,0.148,2414500,0.148
41292,0.153,0.153,0.145,0.147,5930900,0.147
41291,0.15,0.16,0.148,0.152,17549200,0.152
41290,0.125,0.15,0.118,0.144,17037000,0.144
41289,0.133,0.133,0.123,0.124,6088600,0.124
41288,0.14,0.14,0.131,0.133,3093900,0.133
41285,0.143,0.143,0.139,0.139,3265100,0.139
41284,0.145,0.146,0.14,0.141,4173200,0.141
41283,0.145,0.145,0.142,0.144,2689600,0.144
41282,0.149,0.149,0.145,0.145,2964800,0.145
41281,0.148,0.152,0.144,0.148,2278000,0.148
41278,0.153,0.153,0.149,0.149,2580900,0.149
41277,0.159,0.159,0.148,0.151,4328400,0.151
41276,0.146,0.167,0.146,0.157,3613300,0.157
41274,0.15,0.15,0.14,0.146,615500,0.146
41271,0.155,0.155,0.15,0.151,702400,0.151
41270,0.155,0.161,0.155,0.156,1347500,0.156
41267,0.16,0.164,0.156,0.156,752300,0.156
41264,0.165,0.17,0.157,0.164,2373300,0.164
